{"cameraMode":{"drawMode":0,"name":"Shaded","section":"Shading Mode"},"sceneLighting":true,"audioPlay":false,"sceneViewState":{"m_AlwaysRefresh":false,"showFog":true,"showSkybox":true,"showFlares":true,"showImageEffects":true,"showParticleSystems":true,"showVisualEffectGraphs":true,"m_FxEnabled":true},"in2DMode":false,"pivot":{"x":99.6844253540039,"y":115.50194549560547,"z":-226.18019104003907},"rotation":{"x":0.08885158598423004,"y":-0.1449151486158371,"z":0.019579803571105005,"w":-0.9854702949523926},"size":4.1010661125183109,"orthographic":false}