{"cameraMode":{"drawMode":0,"name":"Shaded","section":"Shading Mode"},"sceneLighting":true,"audioPlay":false,"sceneViewState":{"m_AlwaysRefresh":false,"showFog":true,"showSkybox":true,"showFlares":true,"showImageEffects":true,"showParticleSystems":true,"showVisualEffectGraphs":true,"m_FxEnabled":true},"in2DMode":false,"pivot":{"x":22.10826873779297,"y":11.935845375061036,"z":-22.574562072753908},"rotation":{"x":0.0007601070683449507,"y":-0.9907419681549072,"z":-0.004130457062274218,"w":-0.13941246271133424},"size":5.954479694366455,"orthographic":false}